,url
CrunchyPowerfulPineappleBleedPurple-0Le4CFsQCzrU77p6,https://clips.twitch.tv/CrunchyPowerfulPineappleBleedPurple-0Le4CFsQCzrU77p6
KitschyBlitheLettuceCoolStoryBob-063DkUmFTNjKdG-u,https://clips.twitch.tv/KitschyBlitheLettuceCoolStoryBob-063DkUmFTNjKdG-u
ObesePleasantCougarStoneLightning-1-chiDNSCx6sFaFF,https://clips.twitch.tv/ObesePleasantCougarStoneLightning-1-chiDNSCx6sFaFF
HandsomeColorfulEchidnaKreygasm-E-CeBUuT7kjetB_Q,https://clips.twitch.tv/HandsomeColorfulEchidnaKreygasm-E-CeBUuT7kjetB_Q
AnnoyingAwkwardSeahorseFutureMan-D8IIXKDOGU5secft,https://clips.twitch.tv/AnnoyingAwkwardSeahorseFutureMan-D8IIXKDOGU5secft
TolerantGiantMacaroniEagleEye-mJnEm3WZMP5Im69R,https://clips.twitch.tv/TolerantGiantMacaroniEagleEye-mJnEm3WZMP5Im69R
DistinctConsiderateDragonfruitKappaWealth-Mqm_-VmKFVH5zVBA,https://clips.twitch.tv/DistinctConsiderateDragonfruitKappaWealth-Mqm_-VmKFVH5zVBA
SpookyAssiduousAardvarkBIRB-RGgKKKorG1ypF1Yd,https://clips.twitch.tv/SpookyAssiduousAardvarkBIRB-RGgKKKorG1ypF1Yd
LazySpunkyWombatAsianGlow-wqUKiBFf_G0uPJAW,https://clips.twitch.tv/LazySpunkyWombatAsianGlow-wqUKiBFf_G0uPJAW
TangibleBoldAyeayeRitzMitz-H3OIDunuyh9HW3kO,https://clips.twitch.tv/TangibleBoldAyeayeRitzMitz-H3OIDunuyh9HW3kO
EnticingSquareRamenCmonBruh-Vhq8VRRuJgm2Klln,https://clips.twitch.tv/EnticingSquareRamenCmonBruh-Vhq8VRRuJgm2Klln
